0,1,2,3,4,5
1699228800000,1954555.5,1974999.9,1938828.0,1956798.5,6.5877802
1699315200000,1963255.0,1990999.9,1938833.0,1989953.0,7.2327284
1699401600000,1984989.0,2000000.0,1961021.5,1984000.0,5.2965392
1699488000000,1987136.0,2109005.7,1981300.3,2052601.1,14.4811222
1699574400000,2052601.1,2098610.5,2030000.0,2079719.2,7.4737515
1699660800000,2079719.2,2093764.9,2061260.0,2081740.7,5.6342846
1699747200000,2078000.0,2086541.9,2064990.6,2074561.3,4.7284163
1699833600000,2074561.3,2093223.8,2038000.1,2050898.0,6.6093237
1699920000000,2046490.9,2069461.1,1960925.0,1975946.3,7.329801
1700006400000,1981957.1,2115006.0,1975006.0,2105003.8,8.5989459
1700092800000,2105003.8,2109217.9,1995999.0,2018109.0,10.6148247
1700179200000,2018303.0,2039134.4,1991496.8,2027501.5,9.0643633
1700265600000,2026024.4,2044488.9,2010061.9,2031185.5,4.8743565
1700352000000,2031185.5,2077845.6,2016894.0,2069000.0,4.864924
1700438400000,2070858.7,2085000.0,2035227.0,2065487.1,9.5932872
1700524800000,2065487.1,2080662.0,1998800.1,1998800.1,6.5151877
1700611200000,1998800.1,2093597.4,1960000.8,2053428.8,7.2573512
1700697600000,2059986.9,2085936.0,2045010.1,2060250.6,5.1690088
1700784000000,2056134.1,2124945.0,2049005.0,2086323.0,7.6941643
1700870400000,2086323.0,2101298.8,2080619.1,2099958.0,3.6989511
1700956800000,2096747.8,2110761.7,2070862.7,2083516.3,5.437739
1701043200000,2081800.2,2090807.9,2038579.2,2065683.3,4.7552204
1701129600000,2065683.3,2123000.0,2046517.0,2103981.8,7.0011438
1701216000000,2095010.1,2120000.0,2075000.0,2087304.1,6.8172207
1701302400000,2087304.0,2109034.0,2077000.0,2090094.7,4.7778258
1701388800000,2090647.9,2143869.0,2077000.0,2134040.1,8.0017088
1701475200000,2133961.8,2200000.0,2130000.0,2176751.1,5.7169184
1701561600000,2176751.1,2200854.9,2154003.2,2199246.5,5.0909145
1701648000000,2199246.7,2337613.6,2189986.1,2329661.0,11.6779452
1701734400000,2329534.6,2451217.9,2295491.8,2442926.9,10.2959744
1701820800000,2436507.3,2450000.0,2399633.0,2422392.6,9.0534474
1701907200000,2410755.1,2440795.9,2361330.5,2406849.0,7.461152
1701993600000,2388715.2,2464999.9,2382555.8,2443005.4,7.6571913
1702080000000,2443005.4,2454000.0,2418000.0,2439177.0,4.5434282
1702166400000,2439152.9,2444362.1,2410722.3,2427135.2,3.4005931
1702252800000,2427110.1,2436899.9,2248589.1,2291625.2,11.4817715
1702339200000,2300000.0,2341684.7,2264620.1,2316380.9,9.0085259
1702425600000,2301107.1,2409738.9,2264624.7,2386000.0,7.0972383
1702512000000,2386000.1,2415999.1,2320000.0,2385610.2,6.2611696
1702598400000,2385655.1,2414843.4,2320000.0,2339562.4,7.2152035
1702684800000,2355600.0,2379995.0,2325000.1,2369309.0,3.8038729
1702771200000,2369272.0,2372461.8,2285061.0,2307281.3,4.6291717
1702857600000,2300150.2,2388888.8,2260000.0,2386644.5,6.3912232
1702944000000,2370746.4,2429664.6,2330000.1,2375270.5,8.2455801
1703030400000,2374665.1,2443000.0,2348977.7,2429570.3,7.8199365
1703116800000,2429570.2,2449549.8,2360000.0,2429933.9,7.5260155
1703203200000,2429897.9,2446000.0,2400000.0,2441437.9,6.6866846
1703289600000,2424047.1,2441590.0,2416250.0,2422214.9,3.5585182
1703376000000,2422214.8,2439000.0,2381940.4,2385908.6,3.5290025
1703462400000,2382160.0,2430000.0,2357194.2,2422885.9,3.1347997
1703548800000,2422596.0,2422603.9,2330000.0,2378018.0,4.8120503
1703635200000,2340272.6,2417213.9,2336150.0,2390136.9,7.7620283
1703721600000,2380619.0,2414962.0,2362300.4,2370056.1,5.6844494
1703808000000,2375000.0,2399000.0,2305000.1,2328099.0,8.2337143
1703894400000,2345931.6,2379617.1,2312011.1,2344158.1,4.2964007
1703980800000,2320817.0,2380000.0,2320816.6,2350005.1,2.8111991
1704067200000,2350005.1,2438000.0,2350000.0,2438000.0,4.2199313
1704153600000,2430000.0,2544300.5,2415900.0,2458499.9,13.2161737
1704240000000,2429022.0,2520283.1,2280000.1,2376100.1,26.6717448
1704326400000,2396879.9,2472725.3,2335938.1,2450853.4,13.9989382
1704412800000,2443158.3,2462508.0,2377608.6,2445000.1,5.9968593
1704499200000,2445000.1,2458999.8,2407171.0,2438479.0,3.3331985
1704585600000,2430843.1,2458999.9,2425594.1,2428396.7,3.6532008
1704672000000,2429049.8,2610557.0,2402117.0,2536074.3,16.8866786
1704758400000,2536074.3,2623653.9,2481419.0,2570982.8,21.5186044
1704844800000,2570982.8,2670579.4,2494103.7,2605030.1,11.7002063
1704931200000,2621264.1,2745000.4,2561629.0,2591045.1,13.5331133
1705017600000,2603793.0,2614859.8,2350000.0,2403172.4,13.4999861
1705104000000,2403172.4,2500000.0,2382001.1,2410809.3,7.3449614
1705190400000,2410857.6,2433574.0,2387000.5,2387000.5,4.0263674
1705276800000,2386714.3,2433990.1,2365800.2,2392158.6,5.4489731
1705363200000,2378826.0,2435001.0,2361178.0,2421371.9,5.2129087
1705449600000,2423265.8,2423265.8,2365771.8,2383832.3,4.5695224
1705536000000,2388284.8,2405782.9,2282005.6,2318019.7,7.9167917
1705622400000,2317825.6,2363944.5,2260000.1,2324161.7,7.2002932
1705708800000,2324161.7,2347896.1,2308446.0,2337999.8,2.7560978
1705795200000,2337999.7,2346935.0,2315000.0,2320000.1,2.5354515
1705881600000,2325784.5,2334715.0,2230000.0,2231483.8,10.253082
1705968000000,2231483.8,2269999.9,2175516.3,2249637.1,10.8858035
1706054400000,2240602.7,2275000.0,2218169.9,2253495.8,6.0746488
1706140800000,2253540.9,2274994.9,2235416.4,2249160.5,4.6137373
1706227200000,2249160.5,2377071.2,2239741.5,2363768.0,6.9702657
1706313600000,2352101.2,2381162.9,2340361.6,2379988.1,2.8115268
1706400000000,2379617.5,2411111.0,2353854.1,2375514.0,3.3505871
1706486400000,2359050.1,2445555.0,2342200.0,2440311.5,8.0366416
1706572800000,2440311.5,2472439.9,2417741.2,2428991.7,7.9466603
1706659200000,2417961.1,2448888.0,2375000.1,2393853.4,5.4905352
1706745600000,2394826.0,2420620.8,2350500.1,2403924.4,5.9610621
1706832000000,2403924.4,2428931.2,2379007.6,2415128.3,7.318669
1706918400000,2415128.3,2427718.1,2393686.0,2413759.9,3.462592
1707004800000,2409124.7,2419447.9,2361420.2,2385401.4,3.5961352
1707091200000,2385401.3,2449999.9,2361420.2,2400830.2,6.6403489
1707177600000,2400754.5,2432345.6,2385619.2,2419524.6,17.7823364
1707264000000,2419524.6,2493833.3,2390000.0,2470518.8,18.2681831
1707350400000,2470279.6,2540391.7,2420000.0,2523897.8,25.4096201
1707436800000,2523948.3,2649821.7,2480000.0,2560000.0,34.2329429
1707523200000,2540000.0,2650980.1,2540000.0,2615691.0,19.8701012
1707609600000,2615691.0,2691192.8,2580000.0,2659363.6,21.8770937
1707696000000,2667810.5,2790000.0,2632700.0,2767883.7,27.9012464
1707782400000,2767844.8,2788812.9,2666378.6,2758261.5,32.4870316
1707868800000,2757707.4,2892800.0,2723109.1,2876804.5,62.0325682
1707955200000,2876746.9,2939133.9,2860200.0,2899423.1,34.6294007
1708041600000,2899365.1,2928550.0,2870000.3,2895816.7,20.229319
1708128000000,2895816.7,2912495.0,2760001.0,2884262.9,23.453187
1708214400000,2837000.0,2924305.0,2835000.0,2916352.2,18.7684898
1708300800000,2916352.2,2939938.6,2888705.2,2903114.5,21.0515911
1708387200000,2903114.6,2952810.5,2841579.2,2917537.4,23.0230159
1708473600000,2917595.8,2925300.0,2840005.0,2900569.8,20.9261759
1708560000000,2900569.8,2900569.8,2850000.0,2874493.2,28.9292923
1708646400000,2868101.2,2884995.0,2842000.1,2850067.1,17.3296923
1708732800000,2845000.0,2888888.0,2830000.0,2875401.6,11.9488305
1708819200000,2884221.9,2904661.3,2867246.0,2895000.0,18.6058522
1708905600000,2895000.0,3063902.9,2851574.3,3015000.1,26.3864555
1708992000000,3016000.2,3204030.4,3013564.0,3170000.3,37.0489917
1709078400000,3166609.3,3598000.0,3166609.3,3495319.8,56.146576
1709164800000,3492662.6,3559999.0,3300000.0,3404122.8,63.098304
1709251200000,3396523.5,3520000.0,3360000.0,3482757.3,31.3679273
1709337600000,3490501.7,3499985.4,3436000.0,3475141.8,27.4971825
1709424000000,3463644.5,3533888.3,3432589.0,3525056.4,19.0984783
1709510400000,3521609.8,3819431.8,3500000.0,3802519.5,28.3112909
1709596800000,3802519.5,3844000.0,3301079.0,3569521.6,47.3279541
1709683200000,3557000.1,3780000.0,3490000.0,3690680.9,32.3787797
1709769600000,3688079.6,3780330.6,3630105.2,3734527.3,27.7459481
1709856000000,3732651.9,3850000.0,3680000.0,3790171.5,30.691516
1709942400000,3791474.7,3815000.0,3739009.2,3801110.5,21.7691406
1710028800000,3798783.2,3894393.5,3791166.7,3836076.7,19.0893241
1710115200000,3835967.3,4019989.0,3751001.0,3967822.7,28.6056777
1710201600000,3984722.9,4015025.0,3826000.0,3974087.9,24.7842605
1710288000000,3969741.3,4086694.9,3931723.6,4045634.3,24.7966129
1710374400000,4044692.1,4079999.9,3826005.1,3971887.2,32.3336487
1710460800000,3974398.1,4020000.0,3642494.4,3862839.8,82.329988
1710547200000,3860102.7,3900428.1,3584910.0,3628464.3,32.3884581
1710633600000,3635608.1,3840091.8,3584910.0,3816274.0,30.7425852
1710720000000,3817017.7,3840091.8,3726628.4,3768840.6,28.5740955
1710806400000,3765565.2,3786838.8,3422799.7,3452946.7,40.6832401
1710892800000,3450000.0,3830000.0,3402492.6,3812119.0,65.3487978
1710979200000,3814780.3,3834823.6,3620000.1,3673470.7,32.6107481
1711065600000,3675308.2,3737594.0,3506684.0,3575214.8,40.1466094
1711152000000,3580525.4,3704360.7,3550000.3,3641346.9,29.2753955
1711238400000,3641346.9,3800000.0,3600096.1,3786374.8,25.570269
1711324800000,3785395.7,3999000.0,3730661.7,3917724.1,45.5587464
1711411200000,3912309.2,4000000.0,3877836.2,3922111.1,35.8606437
1711497600000,3922769.1,4010000.0,3833083.7,3900590.9,53.6506032
1711584000000,3888551.9,4033729.3,3884171.6,3990727.1,36.6912817
1711670400000,3988164.3,3995357.1,3900000.1,3939155.7,15.0018196
1711756800000,3939030.9,3980000.0,3927796.8,3931603.6,16.1095726
1711843200000,3931603.6,4009995.0,3931001.0,4006503.1,17.9393709
1711929600000,4002342.4,4010000.0,3840000.0,3932007.6,35.4977264
1712016000000,3930519.6,3979469.2,3608402.2,3697654.5,47.1096198
1712102400000,3701774.5,3778233.3,3660000.3,3737157.9,19.9984091
1712188800000,3739663.6,3909995.0,3680000.0,3865940.9,22.5473221
1712275200000,3865114.1,3877500.2,3750000.0,3843620.9,15.5966894
1712361600000,3838839.8,3938913.3,3814000.1,3909794.2,15.5100337
1712448000000,3911786.0,3970742.1,3886646.4,3918814.3,20.2950192
1712534400000,3919012.1,4098000.0,3915370.9,4032948.7,35.7381704
1712620800000,4025673.9,4044999.8,3870000.0,3910013.1,18.1049206
1712707200000,3909283.6,4019999.9,3850000.0,3981823.5,14.7300848
1712793600000,3981856.6,4015776.0,3930686.2,3958032.2,12.1185191
1712880000000,3957197.0,4014554.6,3754460.0,3857520.6,17.5622772
1712966400000,3857520.5,3960000.0,3515048.7,3678781.2,22.0304713
1713052800000,3678781.2,3838000.0,3600260.3,3809259.3,13.1813516
1713139200000,3807247.8,3850000.0,3622118.7,3768680.9,11.7357208
1713225600000,3767040.3,3768680.9,3555641.4,3662213.0,25.2789988
1713312000000,3661389.1,3743297.3,3432750.1,3514838.2,31.224465
1713398400000,3512001.0,3683073.7,3490000.1,3637722.7,17.4202585
1713484800000,3638684.8,3768064.1,3451510.9,3681613.3,24.7518483
1713571200000,3682941.1,3771579.5,3643477.7,3740182.8,16.8998124
1713657600000,3739568.0,3789191.5,3715198.5,3749890.2,17.958149
1713744000000,3751558.4,3871285.1,3721958.4,3851047.3,21.6433468
1713830400000,3852370.3,3870304.9,3780000.0,3805692.9,19.8499793
1713916800000,3806415.1,3846217.2,3663613.1,3694174.8,24.6491774
1714003200000,3695558.0,3770091.1,3641000.0,3729187.5,27.3534713
1714089600000,3729630.4,3749473.0,3667688.2,3692825.5,21.1826039
1714176000000,3692056.3,3696824.9,3616833.8,3676276.8,22.2017841
1714262400000,3676238.2,3716895.2,3630000.0,3646497.6,19.1578562
1714348800000,3646251.0,3702500.0,3580000.0,3694971.0,25.5318618
1714435200000,3695323.9,3744995.0,3439862.4,3522158.6,33.833145
1714521600000,3521694.8,3526681.0,3286218.1,3368549.7,33.8827081
1714608000000,3367255.6,3428934.3,3310352.6,3405024.8,30.3578972
1714694400000,3404571.1,3628410.3,3390000.0,3611267.9,25.4491576
1714780800000,3611267.9,3700000.0,3554473.3,3623613.3,23.2336119
1714867200000,3623770.4,3679996.0,3580000.1,3650120.9,26.6636513
1714953600000,3652094.8,3728302.6,3591234.5,3620891.2,28.3361832
1715040000000,3621935.1,3676999.9,3560026.4,3566570.8,29.5871998
1715126400000,3566092.1,3605815.5,3500678.5,3513678.0,27.3292438
1715212800000,3513678.0,3634155.1,3485620.9,3616187.9,28.7384589
1715299200000,3613913.3,3630000.0,3460000.0,3516615.8,29.6202309
1715385600000,3515397.7,3538600.3,3485294.8,3505556.8,27.9216948
1715472000000,3507743.9,3555547.7,3492837.3,3540561.2,26.946512
1715558400000,3540315.3,3650000.0,3507000.0,3624467.2,28.9208479
1715644800000,3624539.8,3633600.0,3537404.7,3557550.6,30.1932142
1715731200000,3557654.0,3809995.0,3552329.9,3792576.4,30.8183822
1715817600000,3793149.2,3810000.0,3724351.4,3736120.7,23.002295
1715904000000,3736140.4,3870000.0,3734561.6,3842266.5,20.5918368
1715990400000,3842265.9,3882170.1,3828701.4,3854243.3,17.5931978
1716076800000,3854000.3,3893606.5,3819522.8,3825042.3,19.2844187
1716163200000,3823686.1,4000000.0,3816447.0,3973435.7,24.3974363
1716249600000,3973577.8,4100000.0,3879361.0,4041970.9,33.2132614
1716336000000,4042873.5,4088332.9,4000579.6,4010731.4,24.4495179
1716422400000,4011285.4,4060000.0,3850001.0,3950000.0,25.4043807
1716508800000,3951502.3,4023941.9,3883495.8,3991049.4,22.4880731
1716595200000,3989960.0,4033270.9,3987256.0,4021631.8,20.1618684
1716681600000,4022235.4,4038221.8,3971293.0,3987140.0,18.2149478
1716768000000,3986017.1,4080000.0,3970000.0,4026329.2,23.6018473
1716854400000,4025873.6,4034286.8,3912187.5,3970000.1,24.9084728
1716940800000,3970126.9,4004471.4,3924908.4,3946596.0,22.1546116
1717027200000,3946934.5,4060262.8,3937844.1,4007883.7,23.9855579
1717113600000,4008238.1,4027101.0,3961146.9,3967688.5,19.3981782
1717200000000,3967390.1,3979586.6,3966000.0,3973224.6,16.9574643
1717286400000,3972990.7,3999999.9,3960000.1,3976790.9,18.3067491
1717372800000,3976025.4,4100000.0,3970000.1,4023556.6,23.6014668
1717459200000,4023513.3,4141184.4,4020137.0,4117731.4,21.9099767
1717545600000,4119333.0,4195000.0,4100942.1,4152690.6,22.4422022
1717632000000,4155050.7,4187231.0,4120126.5,4157083.5,18.8841368
1717718400000,4160177.3,4195896.7,4027921.0,4093843.0,23.8492337
1717804800000,4087845.5,4119999.9,4063986.8,4076369.5,19.4921193
1717891200000,4074534.0,4105000.0,4067358.2,4096629.9,16.2050472
1717977600000,4096805.6,4117976.8,4079454.1,4083535.7,18.5480123
1718064000000,4083535.7,4093022.6,3900001.0,3959747.0,22.1110204
1718150400000,3958966.2,4103484.4,3942294.3,4003729.4,20.4881641
1718236800000,4002964.1,4028392.7,3910600.0,3933477.3,19.8067867
1718323200000,3933818.8,3958082.0,3863661.2,3882741.8,16.2203634
1718409600000,3882741.8,3909955.0,3879578.0,3896150.0,15.3260979
1718496000000,3896272.0,3924710.0,3884134.1,3909398.6,11.5084893
1718582400000,3908785.9,3949470.5,3846052.8,3913447.4,15.4403674
1718668800000,3914230.3,3916873.7,3780108.0,3845485.2,25.9191599
1718755200000,3847335.7,3873562.5,3805430.9,3817599.7,22.8145253
1718841600000,3818358.7,3900000.0,3805034.0,3822076.8,18.7314377
1718928000000,3818416.6,3833036.4,3755040.0,3798837.0,18.7098225
1719014400000,3797685.4,3806766.8,3780000.0,3791189.3,17.0501902
1719100800000,3790557.5,3809088.0,3740666.9,3741026.1,14.7133318
1719187200000,3741984.7,3760133.1,3482210.3,3557421.7,21.2431434
1719273600000,3557797.8,3699157.5,3190000.0,3656623.2,27.4464692
1719360000000,3658694.6,3699488.9,3594006.5,3599069.7,23.7617656
1719446400000,3598695.4,3671260.0,3581819.0,3631280.6,23.4140317
1719532800000,3631280.6,3663784.0,3536379.8,3553441.3,18.0088095
1719619200000,3553441.3,3596550.0,3553441.3,3580502.5,15.2045807
1719705600000,3579884.3,3690612.7,3565284.9,3680970.7,17.7133537
1719792000000,3680522.4,3741968.5,3663037.5,3684271.6,25.9241894
1719878400000,3684271.6,3716895.5,3628147.9,3640184.0,25.0456697
1719964800000,3640184.0,3656819.1,3503936.7,3545863.1,16.1042079
1720051200000,3545863.1,3559299.1,3358542.2,3375603.7,12.2686755
1720137600000,3375603.7,3387195.2,3175702.1,3343457.0,15.7467746
1720224000000,3343421.3,3440565.3,3298825.2,3432980.7,6.3987256
1720310400000,3432980.7,3434568.4,3279697.5,3288475.1,6.2790425
1720396800000,3288475.1,3413715.6,3203862.9,3332013.3,9.0368239
1720483200000,3332013.3,3405039.8,3307128.7,3395193.9,8.7501339
1720569600000,3395193.9,3472564.4,3342716.8,3370258.4,7.8366209
1720656000000,3370258.4,3468635.1,3335504.5,3345414.3,12.6863813
1720742400000,3345089.1,3405384.5,3302816.9,3379633.7,11.9515962
1720828800000,3379633.7,3475516.4,3376826.3,3454170.6,6.2354934
1720915200000,3452148.7,3571305.4,3451527.4,3547642.2,6.2925062
1721001600000,3548722.2,3782162.0,3543086.0,3772903.7,16.98098
1721088000000,3772903.7,3799966.0,3642035.0,3788609.2,17.8851287
1721174400000,3788609.2,3830000.0,3711738.2,3724896.7,17.9688072
1721260800000,3724896.7,3789998.3,3686510.3,3725797.4,20.3444823
1721347200000,3725797.4,3914866.0,3686095.9,3878655.2,17.1915604
1721433600000,3878655.2,3925825.7,3853730.0,3902512.1,3.626932
1721520000000,3902512.1,3968803.4,3839480.2,3959627.4,4.7853893
1721606400000,3959627.4,3980000.0,3892551.1,3948124.6,8.1628349
1721692800000,3948124.6,3955846.0,3830104.9,3859779.7,12.9093758
1721779200000,3859779.7,3915953.4,3814823.9,3821927.6,18.1211469
1721865600000,3824548.0,3864999.9,3723242.3,3859747.7,25.6261657
1721952000000,3859747.7,3968116.9,3835027.8,3963071.1,16.6635717
1722038400000,3963071.1,4020712.0,3905034.1,3968175.3,7.3894862
1722124800000,3968175.3,3982906.5,3926396.5,3980666.3,3.8660136
1722211200000,3980666.3,4078837.5,3900000.0,3918069.3,7.9128313
1722297600000,3918231.0,3935308.8,3848033.4,3887358.9,7.6750033
1722384000000,3887358.9,3914376.3,3790000.0,3793241.5,8.602679
1722470400000,3793241.5,3837428.3,3652349.0,3826718.3,21.6625257
1722556800000,3826857.0,3832505.8,3585645.0,3596460.1,22.4363896
1722643200000,3596460.1,3633882.0,3508000.0,3547636.4,7.9997561
1722729600000,3547636.4,3571847.5,3350000.0,3397630.2,8.7737196
1722816000000,3397630.2,3409718.4,2912698.9,3185655.9,43.0925884
1722902400000,3181838.7,3329773.8,3181202.3,3279819.9,14.6318134
1722988800000,3279819.9,3358480.8,3166546.9,3197844.5,25.0619551
1723075200000,3197844.5,3624289.1,3176956.2,3568165.3,44.9483223
1723161600000,3568165.3,3568165.5,3439842.0,3519463.5,27.8819981
1723248000000,3519463.5,3554675.1,3485257.4,3525564.5,13.0836265
1723334400000,3525564.5,3575304.7,3383916.5,3408738.7,21.2452556
1723420800000,3408056.9,3499861.5,3341050.2,3417048.4,26.1594945
1723507200000,3417048.4,3533364.5,3349061.7,3478505.2,9.9136023
1723593600000,3478505.2,3535001.6,3356512.1,3374544.9,18.4442514
1723680000000,3374265.5,3430044.0,3225605.2,3305652.3,16.9792258
1723766400000,3305652.3,3419021.7,3278002.0,3372743.7,10.6661779
1723852800000,3372765.6,3416359.0,3364356.5,3399021.8,1.7340138
1723939200000,3399021.8,3445785.7,3340000.0,3342468.7,2.6986382
1724025600000,3342468.7,3386498.9,3294867.9,3380213.1,12.4356539
1724112000000,3379946.7,3483180.4,3322553.3,3347898.8,22.1552914
1724198400000,3347378.8,3499830.1,3333580.9,3461142.0,20.3607747
1724284800000,3461142.0,3474245.9,3378673.8,3421053.7,15.5719872
1724371200000,3421053.7,3656790.9,3420359.6,3612029.6,23.9134818
1724457600000,3612029.6,3637777.0,3589387.3,3624207.6,11.2552634
1724544000000,3624207.6,3660000.0,3595557.0,3627609.0,8.4713145
1724630400000,3627609.0,3640380.9,3536306.1,3542999.9,14.21033
1724716800000,3542999.9,3561857.5,3279020.1,3357187.7,18.45268
1724803200000,3356407.3,3398594.4,3271466.6,3331013.0,17.7058339
1724889600000,3331014.0,3447030.3,3309307.4,3342124.2,14.3442384
1724976000000,3342124.2,3372614.0,3259849.3,3331705.0,10.0578337
1725062400000,3331705.0,3353924.0,3314404.0,3324778.1,3.5566681
1725148800000,3324778.1,3332065.0,3230000.0,3234514.0,10.0479733
1725235200000,3234480.0,3363699.7,3228887.5,3348315.9,9.2393223
1725321600000,3348315.9,3389999.8,3256872.3,3260441.0,11.1424125
1725408000000,3259579.6,3315531.8,3158556.7,3282044.7,15.5549635
1725494400000,3282090.0,3297478.0,3129969.6,3160927.1,13.9798905
1725580800000,3159819.4,3199991.7,2965673.5,3049283.8,22.1276265
1725667200000,3049283.8,3096079.3,3033307.5,3055206.0,6.6608117
1725753600000,3055206.0,3104991.7,3028162.1,3080759.0,5.8198248
1725840000000,3080759.1,3272370.5,3072079.8,3218713.3,18.1152966
1725926400000,3218713.3,3280227.6,3185522.2,3255830.0,12.9116644
1726012800000,3255049.0,3294881.3,3124212.1,3231514.8,14.5412821
1726099200000,3231514.8,3291412.4,3207401.7,3266647.2,12.8676553
1726185600000,3266647.2,3399996.6,3238575.0,3397710.2,13.335497
1726272000000,3397710.2,3399997.0,3301076.5,3369579.0,5.904909
1726358400000,3369579.0,3386904.7,3297588.4,3323056.7,6.273145
1726444800000,3323056.7,3323056.7,3206938.5,3253121.3,14.8469545
1726531200000,3252767.3,3425352.4,3218894.0,3359723.0,11.9752866
1726617600000,3359723.0,3445891.8,3315196.1,3445891.8,22.4750724
1726704000000,3445891.7,3553198.0,3432673.6,3503814.2,44.4213688
1726790400000,3503814.1,3564927.9,3480171.6,3520267.0,23.9986042
1726876800000,3520539.0,3543094.5,3504846.0,3537015.3,4.5720873
1726963200000,3536701.5,3566186.3,3485000.0,3544364.0,10.2045114
1727049600000,3545354.4,3609999.9,3494310.3,3542470.1,13.2815576
1727136000000,3543172.9,3621363.2,3510000.0,3604135.3,9.4536566
1727222400000,3604150.0,3620230.0,3533000.5,3543347.9,12.0056364
1727308800000,3544218.0,3686123.4,3520000.0,3650900.0,19.21349
1727395200000,3650227.1,3730318.8,3630383.6,3692652.7,12.0179254
1727481600000,3693738.9,3718684.8,3675000.3,3698065.9,4.8920769
1727568000000,3697382.3,3709999.7,3676239.1,3686084.4,3.0211344
1727654400000,3692287.5,3693122.0,3540000.0,3556990.3,6.0237493
1727740800000,3557435.9,3607980.2,3382296.3,3420000.0,12.3885697
1727827200000,3420815.4,3513731.5,3381818.6,3418097.8,14.4493817
1727913600000,3418097.8,3461816.7,3383326.8,3435607.0,13.0810001
1728000000000,3435510.1,3536689.4,3420216.5,3508602.0,7.0070932
1728086400000,3509032.2,3535699.0,3491438.1,3514998.3,2.4364104
1728172800000,3514636.8,3567424.0,3498935.5,3554228.0,2.8814977
1728259200000,3555913.4,3667818.5,3529580.4,3538045.1,6.5452099
1728345600000,3538862.6,3594247.2,3521854.1,3538469.5,4.6875743
1728432000000,3537572.0,3565766.3,3446048.9,3463550.9,5.1284987
1728518400000,3462231.9,3516953.9,3390781.3,3458167.6,6.7968828
1728604800000,3458167.6,3632999.9,3443959.8,3577002.4,5.3561832
1728691200000,3578434.2,3638669.3,3569686.0,3624897.9,2.3885959
1728777600000,3622944.9,3625000.0,3560000.1,3596646.7,2.9506988
1728864000000,3598025.3,3800000.0,3581177.0,3777933.0,9.2762368
1728950400000,3784637.0,3900000.0,3725382.5,3852963.8,14.5596328
1729036800000,3852853.8,3935524.9,3835592.0,3882585.3,13.0240651
1729123200000,3882600.0,3908687.0,3835002.0,3877285.7,7.9829803
1729209600000,3878838.3,3979999.9,3861946.2,3948338.0,5.5726615
1729296000000,3950000.0,3959999.9,3930000.3,3951330.2,3.2563271
1729382400000,3950169.3,3999553.9,3934001.9,3979196.6,3.3269313
1729468800000,3975830.5,4000000.0,3852662.7,3886000.0,10.4486645
1729555200000,3888213.0,3913060.3,3840000.0,3883308.5,5.2711717
1729641600000,3886931.6,3890025.0,3799708.0,3883024.8,5.8323358
1729728000000,3882378.0,3997999.9,3869648.9,3955467.5,5.6152627
1729814400000,3953144.0,4008525.1,3851869.9,3928176.3,8.0615086
1729900800000,3923801.0,3960000.0,3908888.2,3942822.8,3.6306663
1729987200000,3942806.1,4009834.8,3926068.0,3997083.0,3.5898392
1730073600000,3997083.1,4099550.0,3963807.0,4083480.3,7.9904442
1730160000000,4085000.0,4267146.0,4068891.0,4210774.0,13.4533079
1730246400000,4219117.0,4249999.0,4160503.1,4219333.3,5.0872772
1730332800000,4218618.7,4241522.1,4070677.5,4106293.4,7.6080835
1730419200000,4104377.0,4184043.1,4022948.0,4061220.0,7.2851199
1730505600000,4061190.0,4087606.0,4037023.7,4055152.0,3.6204136
1730592000000,4057848.9,4059931.9,3949989.0,4022350.8,7.7747262
1730678400000,4023962.2,4057685.0,3920301.9,3974915.5,7.3051496
1730764800000,3972685.9,4122416.9,3950773.8,4053900.4,4.6629398
1730851200000,4054267.4,4464624.0,4053344.4,4405783.2,30.9418637
1730937600000,4404366.3,4485759.0,4342873.3,4435388.9,12.6516702
1731024000000,4435321.0,4521251.8,4420000.1,4479440.0,9.5461065
1731110400000,4479474.0,4506264.0,4444565.0,4494635.2,5.8399395
1731196800000,4491594.6,4773462.0,4482837.0,4713487.9,19.5161269
1731283200000,4710649.8,5250000.0,4703082.3,5192952.1,25.2211214
1731369600000,5195000.0,5279999.5,4976598.1,5142677.1,33.6243991
1731456000000,5146424.7,5464405.0,5050000.2,5308223.1,20.3041175
1731542400000,5310580.2,5410136.9,5132419.0,5158145.7,14.5238428
1731628800000,5161502.8,5412501.0,5140000.0,5357918.4,10.4349747
1731715200000,5355394.2,5409999.9,5302518.0,5331316.2,6.0716585
1731801600000,5327175.9,5379999.9,5242000.0,5290020.5,8.4099785
1731888000000,5295438.9,5445879.8,5265325.1,5320282.6,11.2302391
1731974400000,5320766.0,5542258.4,5314654.0,5452231.0,11.2894239
1732060800000,5452591.9,5595890.0,5403406.9,5578863.7,11.5715643
1732147200000,5578667.1,5835000.0,5567791.6,5800781.0,17.7053135
1732233600000,5790755.0,5879503.0,5731155.7,5825622.1,14.1174734
1732320000000,5828773.0,5835555.0,5738000.1,5770171.0,8.6666795
1732406400000,5770137.0,5824999.9,5660000.1,5792847.8,9.0108306
1732492800000,5790642.6,5835554.8,5486655.6,5519966.0,12.3768929
1732579200000,5519966.0,5622142.0,5373346.3,5451246.0,17.1917503
1732665600000,5451212.0,5730000.0,5410514.3,5652699.9,10.8160233
1732752000000,5653917.0,5696457.3,5584358.1,5637933.0,6.4732069
1732838400000,5636999.1,5800000.0,5618866.0,5715816.0,6.5007795
1732924800000,5715046.9,5719482.0,5660000.0,5669397.1,6.7004406
1733011200000,5669583.4,5735352.0,5633366.6,5702213.6,5.0045713
1733097600000,5704072.5,5777740.0,5557222.5,5635661.3,10.4556988
1733184000000,5633993.4,5675506.6,5509246.1,5625940.2,10.3642792
1733270400000,5623396.6,5777739.9,5536000.0,5741884.1,7.7226475
1733356800000,5740268.2,6091033.2,5321641.2,5643384.0,33.0849106
1733443200000,5658026.9,5917638.5,5618106.3,5781766.0,9.903238
1733529600000,5783001.2,5818835.0,5744278.6,5780512.9,4.045287
1733616000000,5773826.6,5849966.0,5750072.0,5841000.0,4.8845209
1733702400000,5841000.1,5845503.7,5500007.7,5710585.0,13.0486266
1733788800000,5709581.2,5726118.8,5506474.5,5631112.9,11.8056924
1733875200000,5636275.3,5914999.9,5594500.0,5859872.8,9.4748542
1733961600000,5866187.0,5968224.8,5792332.0,5852072.0,5.0738919
1734048000000,5845000.0,5964574.0,5800047.8,5939134.9,3.7625207
1734134400000,5938408.3,6000000.0,5902922.0,5971780.5,3.565105
1734220800000,5966326.0,6168708.2,5964431.0,6130000.0,6.9325523
1734307200000,6130000.3,6310000.0,6078179.0,6231395.5,10.4746256
1734393600000,6228952.2,6390000.0,6200034.0,6281294.7,8.7983087
1734480000000,6284495.2,6297993.9,5956099.3,5965545.2,11.9788168
1734566400000,5963506.0,6089848.8,5690202.7,5808888.0,12.9229235
1734652800000,5815375.0,5845000.0,5416241.2,5798226.1,18.5674558
1734739200000,5799966.0,5887164.7,5715068.0,5772825.9,7.0628847
1734825600000,5770908.3,5778307.0,5580890.0,5626918.8,5.5677493
1734912000000,5635114.1,5682044.0,5443606.0,5572400.0,9.1763968
1734998400000,5578215.5,5859336.9,5500325.2,5802564.9,8.9688016
1735084800000,5802350.3,5862942.0,5746735.0,5855322.7,4.52225
1735171200000,5853635.8,5880515.6,5560089.6,5610198.7,8.5911252
1735257600000,5618878.6,5678900.0,5460000.0,5514612.7,5.66
1735344000000,5512365.9,5591314.9,5501264.3,5571696.9,4.4148021
1735430400000,5571452.6,5572975.0,5425219.2,5463603.6,5.0502769
1735516800000,5462637.7,5541496.1,5341000.1,5446652.8,9.0400122
1735603200000,5432953.5,5585000.0,5374483.2,5427002.3,9.4969801
1735689600000,5425637.0,5504131.3,5386619.7,5476785.2,5.5249752
1735776000000,5474483.1,5675828.5,5467261.3,5624163.8,7.3929594
1735862400000,5624160.4,5769999.7,5602500.0,5729043.5,5.7068141
1735948800000,5728014.3,5756000.0,5702520.9,5737154.0,3.177018
1736035200000,5730620.6,5760000.0,5652779.4,5739561.6,3.7786488
1736121600000,5749966.0,5975909.0,5721659.6,5942548.0,10.5635916
1736208000000,5946698.0,5974564.8,5631214.7,5687578.1,8.52844
1736294400000,5711802.8,5711999.9,5451004.2,5589297.7,7.9528425
1736380800000,5587511.7,5602376.4,5380000.0,5438548.1,9.1397346
1736467200000,5441893.4,5630000.0,5436700.4,5561950.8,8.0041673
1736553600000,5562392.1,5564970.5,5505428.5,5514864.7,2.75244
1736640000000,5515307.2,5590573.1,5497777.7,5537940.0,3.3408278
1736726400000,5538095.5,5618539.7,5265157.3,5558910.5,10.4530982
1736812800000,5563787.0,5729622.9,5540346.9,5664077.5,7.4103799
1736899200000,5662604.5,5886023.0,5651731.5,5869500.0,8.9042757
1736985600000,5869500.0,5899676.1,5719663.5,5867050.7,5.4767193
1737072000000,5870349.0,6200197.2,5850631.1,6095604.2,10.0361115
1737158400000,6086203.1,6159466.0,6010000.1,6144051.0,6.5595395
1737244800000,6130390.1,6229995.0,5858829.7,5949809.5,10.3945032
1737331200000,5950264.1,6424000.2,5842184.3,5999993.2,16.0071499
1737417600000,5992000.0,6259952.1,5881935.7,6180508.0,9.3476424
1737504000000,6189955.0,6217500.0,6062541.7,6079628.7,4.2344792
1737590400000,6080111.1,6243029.0,5959697.9,6099492.0,10.4887476
1737676800000,6104764.1,6265615.4,6028589.6,6155476.7,6.4002264
1737763200000,6155120.7,6175433.6,6102500.0,6140447.3,2.5763654
1737849600000,6149583.8,6176862.0,6030000.0,6035000.0,2.432362
1737936000000,6046265.4,6085486.6,5748489.0,5979736.0,12.1855267
1738022400000,5984784.0,6070000.0,5878000.0,5935051.7,4.7675482
1738108800000,5935051.7,6136032.0,5932383.0,6067521.2,5.8739697
1738195200000,6064878.0,6206501.0,6035093.9,6118124.9,6.228811
1738281600000,6118124.9,6185697.0,5950000.0,6001398.0,5.7360772
1738368000000,5998260.3,6029442.6,5881480.3,5905542.1,4.1037863
1738454400000,5909585.6,5959500.0,5659500.0,5739793.0,8.6047593
1738540800000,5729351.0,6020000.0,5000000.0,5951580.6,19.1617304
1738627200000,5961479.5,5982647.9,5610042.0,5710074.0,6.8177465
1738713600000,5707147.1,5776999.9,5615500.0,5633867.0,4.3869736
1738800000000,5633867.0,5776381.2,5577618.6,5624595.0,4.9829816
1738886400000,5627228.2,5825000.0,5578538.0,5625613.5,6.8255131
1738972800000,5624265.3,5656219.2,5584444.4,5629842.3,2.8304502
1739059200000,5627992.0,5669500.0,5526463.5,5623392.6,3.1279943
1739145600000,5623392.6,5739236.0,5553037.4,5674240.2,5.9631492
1739232000000,5675862.0,5739224.8,5540000.0,5593179.8,5.5332985
1739318400000,5592620.4,5699000.0,5500000.0,5678472.4,5.2410841
1739404800000,5681215.5,5719999.9,5560000.0,5615745.7,4.437967
1739491200000,5620000.0,5728913.3,5597856.8,5657324.5,4.4284977
1739577600000,5656574.5,5682446.7,5638572.6,5671304.4,2.326136
1739664000000,5671561.1,5681161.5,5578099.0,5582727.7,2.5840819
1739750400000,5582727.6,5643064.1,5551008.0,5577878.7,3.9743277
1739836800000,5577878.7,5634592.4,5460000.0,5564129.5,6.4835016
1739923200000,5570000.0,5633000.0,5532008.1,5624697.9,4.0584293
1740009600000,5627003.1,5697523.4,5600100.1,5683264.8,5.8908279
1740096000000,5687077.6,5765000.0,5518219.9,5595770.5,5.9134352
1740182400000,5596872.7,5630798.6,5566489.1,5607552.0,2.856417
1740268800000,5609408.7,5615877.7,5533306.3,5594500.0,2.5951953
1740355200000,5594500.0,5609347.4,5310000.0,5313447.7,6.4433799
1740441600000,5318376.7,5381207.5,5001000.1,5154062.0,21.112876
1740528000000,5149121.4,5189248.1,4785000.0,4887877.5,10.2788735
1740614400000,4893094.4,5056982.9,4808261.3,4917638.9,6.6272338
1740700800000,4917292.5,4932306.6,4540848.3,4882605.3,11.9079243
1740787200000,4880806.9,5021718.9,4845011.8,4990472.9,5.8272484
1740873600000,4992588.3,5514842.4,4942013.8,5457747.4,17.0563921
1740960000000,5471501.3,5474042.5,4940033.5,4991707.8,8.7849597
1741046400000,4998929.0,5139239.8,4720000.0,5048568.8,11.102449
1741132800000,5048148.5,5241000.0,4984911.5,5214607.1,6.7979573
1741219200000,5216469.2,5321162.8,5061788.7,5174373.0,16.2144058
1741305600000,5176488.0,5245474.0,4891837.7,4998942.4,18.4352385
1741392000000,4994138.2,5000626.2,4920000.0,4975393.6,3.0301763
1741478400000,4972022.7,4996297.4,4643645.4,4679870.1,8.6261804
1741564800000,4678802.0,4839503.9,4473928.6,4541492.9,10.0548679
1741651200000,4542994.9,4799999.9,4428000.0,4757166.9,8.89397
1741737600000,4758518.9,4859998.2,4651501.5,4810581.9,6.1011004
1741824000000,4819528.5,4850823.8,4602249.1,4667193.8,5.5358157
1741910400000,4669045.3,4900000.0,4655000.1,4829642.4,3.6271905
1741996800000,4832191.1,4882396.9,4810088.1,4851510.3,2.3107561
1742083200000,4852598.0,4889970.3,4720402.6,4754709.1,3.0061796
1742169600000,4747260.6,4862549.1,4744605.2,4826501.3,4.0622079
1742256000000,4815555.0,4822966.4,4659156.1,4753544.3,4.981706
1742342400000,4753544.3,4989999.3,4738836.2,4964656.3,5.6496106
1742428800000,4968879.6,5000000.0,4805000.0,4824454.8,3.8935112
1742515200000,4829743.6,4867905.7,4780000.0,4830289.1,3.8793958
1742601600000,4828376.1,4855000.0,4810772.0,4825879.1,1.5490664
1742688000000,4825800.0,4947083.7,4815000.1,4944028.7,2.1986916
1742774400000,4938105.7,5099999.8,4906737.8,5026704.6,5.4296719
1742860800000,5023751.6,5093188.2,4958583.0,5035949.4,3.4675304
1742947200000,5040273.8,5095995.0,4970408.1,5028878.0,4.0329639
1743033600000,5030056.4,5068065.1,4937319.3,5016988.2,3.2018547
1743120000000,5021917.9,5034187.1,4810423.3,4850000.1,4.3955635
1743206400000,4854796.1,4874395.1,4700000.1,4751824.8,4.3987026
1743292800000,4749845.5,4809571.4,4691897.9,4733162.5,2.8208938
1743379200000,4736244.9,4808305.4,4660000.0,4729763.2,8.1440842
1743465600000,4722775.6,4868888.1,4704319.2,4840686.9,4.9432899
1743552000000,4840686.9,5043631.6,4714237.0,4723477.0,6.6801361
1743638400000,4719962.2,4806754.0,4645006.6,4751055.8,6.0679978
1743724800000,4752828.6,4840000.0,4673311.0,4797947.6,5.4561444
1743811200000,4792780.5,4818049.1,4739520.4,4800926.3,3.1164276
1743897600000,4806536.8,4817667.0,4442093.0,4503482.8,10.9700285
1743984000000,4505482.8,4664293.4,4288888.0,4556144.5,12.5224895
1744070400000,4554198.1,4649999.9,4400868.8,4413594.6,3.7442446
1744156800000,4400868.8,4799998.5,4307497.2,4747290.7,7.5882072
1744243200000,4744827.9,4750088.0,4520000.1,4579272.0,3.5533725
1744329600000,4579941.9,4821084.4,4540000.1,4780672.6,6.7589815
1744416000000,4781544.8,4918134.6,4741208.4,4896558.9,4.6211658
1744502400000,4892697.6,4926920.2,4768649.0,4801199.9,7.4798623
1744588800000,4804121.1,4915003.8,4787492.3,4833259.8,4.4470687
1744675200000,4835604.7,4922541.1,4770000.5,4778836.3,9.0243946
1744761600000,4779490.8,4861988.5,4730000.8,4779148.8,4.1592356
1744848000000,4777558.6,4865000.0,4760690.4,4845091.1,2.8752977
1744934400000,4847777.2,4849163.1,4805821.5,4822975.4,1.5979841
1745020800000,4821025.7,4877407.6,4800650.5,4849828.6,1.2482539
1745107200000,4848502.0,4872007.3,4800000.0,4850194.1,1.9116679
1745193600000,4853804.0,5029995.0,4851406.0,4973673.1,6.0138086
1745280000000,4975359.6,5325809.4,4957567.7,5305741.6,12.7578795
1745366400000,5309436.3,5370000.0,5230325.1,5321693.3,6.1658801
1745452800000,5324567.2,5329563.9,5207015.6,5313337.8,5.8539578
1745539200000,5314226.5,5415999.9,5250000.2,5352951.6,5.9659948
1745625600000,5358806.6,5383798.2,5320000.3,5350642.4,3.9482064
1745712000000,5357992.6,5380540.5,5300000.0,5306521.2,2.0050816
1745798400000,5306142.4,5398073.8,5250000.0,5369855.4,6.3526078
1745884800000,5369855.5,5387926.2,5262257.8,5299747.4,4.0687561
1745971200000,5299747.4,5338194.0,5215676.5,5267865.4,6.2005883
1746057600000,5269929.7,5444998.7,5263301.7,5385626.5,6.6666036
1746144000000,5393744.6,5464405.0,5376190.9,5411492.7,6.2736825
1746230400000,5409914.4,5415252.7,5360000.3,5365958.1,6.8949067
1746316800000,5366109.2,5392535.1,5275000.2,5280929.5,3.2474957
1746403200000,5280564.4,5315404.8,5229242.6,5288530.7,5.4715538
1746489600000,5290145.7,5380651.8,5210000.1,5380000.1,5.0309988
1746576000000,5380651.8,5429999.0,5320000.5,5375731.6,5.317459
1746662400000,5384909.1,5748384.2,5367422.8,5710961.8,10.8447576
1746748800000,5711802.3,5787028.5,5675153.6,5695266.1,7.1747176
1746835200000,5699090.1,5819999.9,5682957.6,5810128.1,4.0457451
1746921600000,5805903.0,5820000.0,5739967.0,5778994.6,4.3904468
1747008000000,5781280.8,5866162.0,5601913.8,5729373.0,8.9997665
1747094400000,5719238.3,5865711.3,5651429.1,5822221.8,4.5317625
1747180800000,5822154.0,5841105.8,5750000.0,5800822.9,4.4861303
1747267200000,5793972.2,5811458.5,5664501.1,5797479.7,4.5196644
1747353600000,5789062.1,5845000.0,5760577.0,5785248.8,2.8750493
1747440000000,5782049.6,5804999.9,5735723.1,5773438.0,2.3120011
1747526400000,5771399.1,5957065.8,5759174.5,5944730.5,4.4229931
1747612800000,5960000.0,5985000.0,5715574.6,5895121.9,5.3125867
1747699200000,5890000.3,5980440.3,5827515.8,5953129.3,6.0037739
1747785600000,5957796.7,6150855.7,5919095.1,6101744.2,9.9725604
1747872000000,6095189.6,6243877.4,6082755.1,6220956.5,7.0995863
1747958400000,6220956.5,6225000.0,5950000.0,5970761.7,7.4009081
1748044800000,5966029.7,6095520.1,5950000.0,6010270.7,2.4989212
1748131200000,6015597.2,6085000.0,5950088.5,6068357.2,2.8614628
1748217600000,6066925.1,6139364.5,6053840.9,6075686.3,4.4680518
1748304000000,6075686.3,6150050.0,5982000.0,6063201.0,4.7595159
1748390400000,6062633.7,6077899.9,5954372.1,6001407.2,3.9723352
1748476800000,6000407.2,6077500.0,5885243.8,5895747.3,5.3515793
1748563200000,5899702.2,5934190.1,5800008.8,5817990.5,4.7212534
1748649600000,5819004.5,5869999.9,5764809.0,5850000.1,4.5039137
1748736000000,5855267.3,5910000.0,5800170.3,5908014.2,2.5824029
1748822400000,5905331.6,5920000.0,5791344.4,5895921.5,3.5112054
1748908800000,5899000.0,5959999.8,5843476.7,5882748.5,3.9591443
1748995200000,5883107.1,5917950.0,5826644.7,5842927.0,3.5887233
1749081600000,5848375.6,5909207.2,5615097.6,5685258.3,6.9052461
1749168000000,5685258.3,5884693.5,5653380.2,5836885.3,4.1805205
1749254400000,5836885.3,5924286.3,5819184.0,5908193.4,3.234527
1749340800000,5900001.8,5948699.9,5875207.5,5897467.9,2.8950315
1749427200000,5904391.2,6150040.1,5878905.4,6140668.3,6.1671059
1749513600000,6140668.4,6155000.0,6052876.1,6139349.8,3.710924
1749600000000,6140259.3,6160000.0,6040514.5,6072658.2,3.778962
1749686400000,6075511.1,6084258.1,5902920.8,5915000.0,3.887534
1749772800000,5911600.0,5961321.7,5755641.1,5951233.6,5.9185104
1749859200000,5955000.0,5955047.0,5870000.0,5924219.5,2.0705007
1749945600000,5924219.5,5956000.0,5870701.8,5935651.1,1.5467962
1750032000000,5932598.1,6118432.4,5901097.1,6007404.0,4.6715551
1750118400000,6010964.0,6083907.8,5875000.6,5929274.2,5.6072891
1750204800000,5930478.8,6020529.4,5912228.7,5988260.7,4.9937211
1750291200000,5987319.6,6057229.1,5970000.6,6007311.1,2.3608954
1750377600000,6007372.4,6099785.9,5880000.0,5926396.8,4.4038487
1750464000000,5917000.3,5976691.8,5808006.1,5875714.1,4.3807124
1750550400000,5875714.1,5932666.5,5650000.0,5793974.0,8.2847684
1750636800000,5792738.2,6074267.6,5738576.7,6053810.6,7.9167263
1750723200000,6050186.7,6061645.8,5973323.3,6048576.8,5.241737
1750809600000,6048576.9,6156000.0,6028888.8,6108103.1,5.0654023
1750896000000,6105435.3,6149999.8,6065610.0,6068942.4,3.0472349
1750982400000,6071709.2,6108888.0,6045534.9,6083037.5,2.8548015
1751068800000,6084816.9,6109643.1,6056632.9,6095904.3,1.5472614
1751155200000,6089860.3,6150000.0,6080626.6,6141281.7,3.9229218
1751241600000,6148934.0,6159694.2,6016315.3,6033213.7,4.9091659
1751328000000,6033213.7,6047332.1,5926000.0,5940010.8,4.9885336
1751414400000,5948000.0,6150000.0,5923675.5,6100989.3,5.5358163
1751500800000,6102961.1,6195000.0,6090000.1,6159496.8,5.4057795
1751587200000,6163254.3,6170499.9,6061772.1,6107659.1,4.1052696
1751673600000,6108121.1,6139999.9,6100000.1,6135218.5,1.6504691
1751760000000,6135522.8,6190000.0,6111000.4,6157667.8,2.1696495
1751846400000,6157466.5,6184015.5,6079000.0,6119309.2,4.363981
1751932800000,6121448.6,6170000.0,6075000.1,6140639.8,3.4514717
1752019200000,6142837.0,6275000.0,6120600.5,6260187.5,6.0692596
1752105600000,6260187.5,6546889.1,6234567.2,6510766.2,18.8865741
1752192000000,6510766.2,6700000.0,6440756.5,6615171.5,7.8075465
1752278400000,6617008.4,6665999.9,6592995.1,6629113.6,2.6230584
1752364800000,6628255.4,6747251.1,6620000.3,6721827.8,3.115955
1752451200000,6729679.8,6966313.5,6715502.7,6783317.7,7.8754931
1752537600000,6781893.4,6791355.1,6566992.0,6657025.6,7.5004573
1752624000000,6665470.5,6815879.5,6640000.0,6733465.8,5.2942645
1752710400000,6734562.8,6880000.0,6690000.0,6788230.1,5.0445264
1752796800000,6794297.0,6894325.0,6681685.3,6731012.1,6.3153286
1752883200000,6731015.0,6776267.7,6711264.7,6748294.5,2.0614574
1752969600000,6743000.0,6780000.0,6665088.0,6697230.4,3.1940173
1753056000000,6697230.4,6842315.8,6660000.1,6714076.8,3.5507861
1753142400000,6710400.2,6850000.0,6647872.2,6832408.5,4.502867
1753228800000,6829855.1,6845452.2,6693648.8,6764424.4,3.0888815
1753315200000,6764424.4,6790000.0,6661923.6,6730393.7,2.8495868
1753401600000,6734108.4,6740943.3,6550051.1,6710000.0,4.5836659
1753488000000,6709999.9,6765700.4,6687137.8,6743067.5,2.1779968
1753574400000,6748832.2,6838419.2,6736463.8,6809011.8,2.0560841
1753660800000,6809011.8,6839999.8,6720284.0,6758193.9,3.1767816
1753747200000,6752904.7,6840732.7,6730096.4,6768825.4,3.1304599
1753833600000,6770531.0,6856947.6,6690000.0,6801655.4,3.8293418
1753920000000,6806091.6,6910000.0,6721087.5,6741981.5,4.0915576
1754006400000,6741981.5,6792539.2,6526181.3,6567194.9,6.7629595
1754092800000,6555761.6,6619163.2,6499110.0,6518095.6,3.8568769
1754179200000,6515106.7,6649412.7,6492925.2,6620353.9,2.8963725
1754265600000,6620777.8,6655958.3,6550932.1,6616924.5,3.8860011
1754352000000,6616924.5,6633803.8,6477777.7,6545583.8,3.3989959
1754438400000,6545669.8,6648344.1,6496629.8,6595005.3,3.1881901
1754524800000,6594300.4,6699999.7,6554450.3,6669629.3,3.7197958
1754611200000,6675571.8,6687202.4,6600000.0,6641872.0,2.7207896
1754697600000,6643065.9,6715508.3,6616744.3,6630200.0,2.258803
1754784000000,6630200.0,6788999.9,6621768.9,6776117.8,3.5567387
1754870400000,6780919.7,6968144.0,6760000.0,6789287.5,6.7357141
1754956800000,6785399.4,6844868.0,6760992.6,6826247.1,4.1972753
1755043200000,6830127.6,6998922.3,6771593.4,6980000.6,5.6682978
1755129600000,6980000.7,7037280.0,6704154.6,6767336.8,8.8361825
1755216000000,6763209.7,6838011.9,6680726.2,6695694.1,5.0616749
1755302400000,6693102.9,6732162.1,6680000.0,6693394.5,2.1151589
1755388800000,6698100.3,6774999.2,6680000.0,6710899.8,2.1061383
1755475200000,6709957.3,6740403.4,6555442.4,6639805.3,4.9656438
1755561600000,6638539.0,6672033.4,6454543.9,6478160.8,5.832397
1755648000000,6469041.2,6557255.7,6431000.1,6535029.9,4.9729712
1755734400000,6529069.3,6551248.8,6420000.0,6446067.4,2.7508477
1755820800000,6450505.7,6648101.6,6368842.3,6612897.6,5.2544799
1755907200000,6614775.1,6628000.0,6501156.0,6540626.0,2.5164783
1755993600000,6540626.0,6565908.6,6303865.2,6473058.4,2.9542723
1756080000000,6479815.9,6489200.0,6255000.0,6311593.1,6.6615247
1756166400000,6308208.3,6423607.6,6233188.0,6400931.6,5.0332478
1756252800000,6400000.0,6462292.5,6340000.0,6365790.0,3.0149416
1756339200000,6365043.7,6500000.0,6348033.9,6421195.1,4.5450226
1756425600000,6415088.1,6429706.8,6164428.9,6202312.8,4.3400356
1756512000000,6202312.8,6248811.4,6160164.0,6234265.0,2.7260415
1756598400000,6241692.7,6278586.2,6190022.3,6202691.9,2.6102976
1756684800000,6202882.0,6308899.7,6160164.0,6260897.0,3.2500303
1756771200000,6255146.4,6397000.0,6220000.0,6370816.1,4.6801534
1756857600000,6369654.1,6466701.7,6350255.9,6410383.0,2.5398532
1756944000000,6416649.2,6432157.4,6250000.3,6340833.6,3.6304651
1757030400000,6328889.0,6459999.7,6291824.0,6303331.2,2.9611619
1757116800000,6303420.1,6330696.1,6270428.6,6284669.8,1.8690073
1757203200000,6281106.7,6346234.5,6275000.3,6313942.3,1.6597493
1757289600000,6312786.0,6419324.0,6286251.6,6357721.1,3.0308859
1757376000000,6362644.8,6437731.8,6311605.4,6341692.0,3.9677013
1757462400000,6339712.6,6545039.5,6312000.0,6504071.1,4.2111338
1757548800000,6499991.7,6594700.0,6475199.0,6590329.8,3.8515494
1757635200000,6590329.8,6655000.0,6561174.8,6606186.0,3.7163335
1757721600000,6603734.6,6631721.0,6590000.0,6626437.3,2.079476
1757808000000,6630000.0,6649995.9,6590000.0,6590000.1,3.1520688
1757894400000,6590000.0,6680000.0,6540066.5,6590401.1,3.7657726
1757980800000,6595106.4,6654999.8,6545845.5,6646269.8,3.7952189
1758067200000,6637795.6,6675000.0,6535482.5,6603710.2,6.0248385
1758153600000,6607669.9,6739715.9,6582153.0,6675027.7,4.2370446
1758240000000,6671531.9,6700483.5,6600000.0,6628241.8,2.6431184
1758326400000,6623521.7,6650843.6,6611500.0,6628133.5,1.9911364
1758412800000,6631246.0,6639447.0,6573509.3,6590867.6,2.0804598
1758499200000,6591916.1,6604784.3,6404109.0,6441988.6,7.082073
1758585600000,6444241.9,6497944.0,6380389.3,6425023.1,3.5805857
1758672000000,6425104.9,6549751.0,6390000.0,6508743.8,3.1001795
1758758400000,6513975.8,6532388.7,6330088.1,6350451.3,5.7228665
1758844800000,6349779.5,6431335.0,6327641.6,6385587.1,6.2780774
1758931200000,6389019.0,6410077.0,6362376.4,6403368.0,1.8633523
1759017600000,6396055.1,6536969.9,6369293.2,6525484.0,2.0289086
1759104000000,6525253.9,6650000.0,6480637.0,6633156.6,4.0277963
1759190400000,6629316.7,6667205.2,6563181.8,6626896.2,4.8501594
1759276800000,6628039.6,6860400.0,6624468.5,6860249.2,5.050726
1759363200000,6860400.0,6999999.0,6848751.3,6963683.1,5.5471486
1759449600000,6977536.5,7174999.9,6910937.1,7078576.3,7.1403671
1759536000000,7078576.3,7118426.4,7045108.0,7112246.3,3.2698041
1759622400000,7113463.0,7294116.1,7096535.8,7172751.5,7.995427
1759708800000,7167128.8,7326986.8,7144649.4,7240858.5,4.470232
1759795200000,7247204.1,7273477.5,7036729.0,7075000.0,5.0438016
1759881600000,7076550.1,7219999.9,7050500.0,7175092.0,3.0286518
1759968000000,7177573.3,7219514.1,6989276.6,7093541.1,3.8497725
1760054400000,7098423.8,7159500.0,6200000.0,6727213.7,11.195532
1760140800000,6741757.0,6787024.1,6452558.6,6511811.8,5.1698473
1760227200000,6510251.3,6776457.8,6450000.0,6725559.2,4.6534934
1760313600000,6729141.7,6774253.5,6650945.3,6719246.9,4.6011411
1760400000000,6718370.6,6740822.1,6442166.0,6607073.2,6.3998957
1760486400000,6604242.3,6626236.6,6425294.7,6450340.4,4.8591318
1760572800000,6451650.4,6520000.0,6265000.0,6305151.9,7.2154583
1760659200000,6302444.4,6374999.9,6058586.6,6212423.4,8.2721477
1760745600000,6212473.1,6272135.1,6200723.1,6254126.1,2.4924865
1760832000000,6255494.3,6399009.8,6200606.8,6353487.2,2.6699777
1760918400000,6353487.1,6521423.4,6273196.8,6453452.4,3.9916792
1761004800000,6453452.4,6647288.4,6275924.8,6331840.3,6.0059469
1761091200000,6327000.0,6396724.0,6270000.0,6328481.7,4.0205527
1761177600000,6322840.0,6532332.9,6313723.2,6464311.8,4.7509819
1761264000000,6463088.4,6561798.5,6434357.5,6514999.9,4.278133
1761350400000,6510000.1,6585000.0,6490990.9,6574120.4,2.7034537
1761436800000,6572518.6,6790000.0,6545702.6,6739670.1,5.1682468
1761523200000,6739541.1,6850648.9,6700000.0,6715676.0,5.8307397
1761609600000,6716041.5,6870000.0,6641571.2,6693229.0,4.7442104
1761696000000,6693229.0,6700068.1,6452000.0,6497045.6,4.8395814
1761782400000,6500724.6,6603791.3,6305000.0,6421582.0,7.7090925
1761868800000,6421977.9,6564708.7,6413813.8,6454263.3,4.2794197
1761955200000,6456217.6,6517202.8,6450100.1,6481346.8,1.8278088
1762041600000,6481559.3,6557926.5,6450000.1,6503892.6,1.9537228
1762128000000,6508899.4,6520710.9,6227829.1,6289599.6,6.2390856
1762214400000,6289599.6,6333478.7,5825752.8,5981593.3,11.8570828
1762300800000,5986431.3,6157773.3,5830911.9,6123162.3,6.0898521
1762387200000,6120833.9,6146795.9,5922252.7,5984260.0,4.5670172
1762473600000,5975592.5,6149999.9,5880000.0,6108283.2,3.4235256
1762560000000,6108283.3,6108283.3,6008888.8,6055337.9,2.2933805
1762646400000,6051397.0,6239167.5,6008888.8,6195568.0,2.1163225
1762732800000,6191384.0,6312838.9,6171863.6,6251354.1,4.0648056
1762819200000,6251361.8,6338888.8,6055157.1,6085022.1,3.6517705
1762905600000,6089099.9,6234999.9,5980000.0,6018611.8,3.0212297
1762992000000,6024759.2,6159563.3,5801000.0,5915220.5,5.7247255
1763078400000,5910216.0,5911928.3,5577212.4,5597757.1,8.7934008
1763164800000,5612654.7,5736469.2,5611394.7,5667119.3,2.9602875
1763251200000,5666482.2,5730587.9,5515014.6,5599417.2,3.6927583
1763337600000,5589331.8,5689109.2,5399418.2,5452512.0,6.8339333
1763424000000,5455179.5,5530100.4,5286696.0,5478547.9,10.6918946
1763510400000,5478547.7,5483663.5,5237999.0,5406213.6,6.0465227
1763596800000,5402146.3,5500483.3,5100000.0,5127611.3,6.6905474
1763683200000,5127611.2,5175617.9,4770000.0,5025165.5,14.4538202
1763769600000,5026011.5,5048750.4,4938486.0,5010619.9,4.0683356
1763856000000,5016788.6,5220501.8,5010229.9,5142991.5,4.8021884
1763942400000,5147565.6,5261062.0,5038218.7,5211174.9,5.2037954
1764028800000,5209062.1,5221455.5,5075000.1,5147837.2,5.8714499
1764115200000,5147837.2,5338902.7,5096000.1,5324889.3,7.7699635
1764201600000,5327469.5,5416860.0,5305981.3,5373391.7,3.7645899
1764288000000,5370484.6,5469108.8,5307539.4,5350983.0,4.7745669
1764374400000,5350983.0,5373063.7,5301611.7,5345352.2,3.8441784
1764460800000,5347165.1,5409409.8,5310190.4,5317574.7,2.6081727
1764547200000,5319814.4,5340210.0,4892695.2,5063071.2,6.5856691
1764633600000,5062911.2,5410000.0,5041228.7,5337950.0,3.3025184
1764720000000,5334307.8,5551000.0,5328776.2,5507894.2,8.7004981
1764806400000,5508745.1,5568519.6,5373994.5,5449173.6,5.3876996
1764892800000,5449173.6,5478240.8,5206000.0,5274765.7,8.0466056
1764979200000,5274765.7,5332835.5,5260000.0,5277351.7,1.2942077
1765065600000,5279553.3,5415242.2,5115909.3,5348095.7,8.9044982
1765152000000,5347620.8,5468836.0,5296438.2,5350129.3,7.9445707
1765238400000,5354422.6,5596865.4,5269309.7,5501469.0,11.9049469
1765324800000,5501469.0,5587758.1,5423023.6,5441999.5,3.1514586
1765411200000,5442000.0,5526330.2,5270975.3,5459046.8,11.5957482
1765497600000,5463373.3,5485743.9,5265121.0,5349340.6,4.8689702
1765584000000,5350326.0,5374302.5,5316554.7,5350394.2,1.5073509
1765670400000,5352000.0,5361335.0,5198996.0,5227267.2,8.958235
1765756800000,5226025.2,5334822.2,5035800.8,5108611.8,10.3099956
1765843200000,5107681.5,5177754.9,5005650.0,5161906.0,14.0643692
1765929600000,5159559.5,5305599.9,5011551.8,5068898.8,15.6968562
1766016000000,5068708.8,5243876.6,4920856.9,5016557.4,7.1655558
1766102400000,5016404.9,5248088.2,4996802.8,5174255.5,6.6136823
1766188800000,5177654.6,5199999.9,5168355.5,5196220.3,1.0254789
1766275200000,5193416.1,5239647.5,5160458.3,5218345.8,2.2228724
1766361600000,5222212.7,5324839.5,5172059.6,5212148.8,3.5573455
1766448000000,5207966.0,5224999.9,5099262.2,5149989.6,8.5323155
1766534400000,5149946.9,5189475.8,5098423.4,5165435.4,9.4424255
1766620800000,5167482.6,5221000.0,5133488.5,5147166.5,3.1506523
1766707200000,5146437.7,5273725.2,5116613.8,5156387.6,3.1063151
1766793600000,5155009.4,5182257.2,5145904.6,5176942.6,1.5747732
1766880000000,5179637.0,5194000.0,5162221.8,5187621.4,0.9274584
1766966400000,5187621.4,5337842.6,5125000.0,5146018.7,6.3273042
1767052800000,5148177.3,5270460.0,5125000.0,5220000.0,5.5624106
1767139200000,5217532.6,5261089.5,5154102.4,5172259.2,5.2787386
1767225600000,5172259.2,5242698.8,5167528.3,5236179.1,0.8400848
1767312000000,5238587.3,5353965.7,5210391.0,5301259.7,3.5229741
1767398400000,5300577.5,5348254.8,5269972.2,5341110.1,2.2705559
1767484800000,5340500.1,5405000.0,5340500.1,5387000.0,1.2865739
1767571200000,5389571.1,5596000.0,5384212.7,5545742.0,5.5358638
1767657600000,5544238.1,5590000.0,5408173.5,5552999.8,3.7913926
1767744000000,5550522.3,5555034.2,5370599.3,5414802.8,2.4525134
1767830400000,5414650.3,5428150.4,5292927.9,5396141.0,1.5189243
1767916800000,5393317.5,5459999.9,5304562.3,5374969.5,1.5305183
1768003200000,5375637.3,5389999.9,5361197.9,5369704.5,0.8634685
1768089600000,5370033.4,5408165.7,5348353.3,5389981.5,0.9119658
1768176000000,5388281.2,5480574.7,5344045.2,5402453.4,2.2916345
1768262400000,5401206.4,5709463.0,5400007.7,5656699.5,3.1056669
1768348800000,5657314.3,5821477.0,5622805.4,5759583.3,2.8620693
1768435200000,5765585.5,5784572.7,5654000.1,5681390.2,2.4787528
1768521600000,5682173.5,5707841.6,5606519.0,5680000.0,2.9430033
1768608000000,5680000.0,5687359.9,5650000.4,5664641.9,0.9316896
1768694400000,5662070.0,5679813.6,5571475.0,5574340.2,0.9390466
1768780800000,5571474.9,5571474.9,5480000.0,5511457.0,2.2422719
1768867200000,5510323.3,5531374.1,5239658.3,5266756.4,2.9325295
1768953600000,5265966.5,5370057.0,5180150.5,5309366.3,2.2012567
1769040000000,5311931.1,5350808.1,5237123.6,5291831.0,1.206021
1769126400000,5294937.9,5390057.1,5250423.5,5293169.3,1.5327634
1769212800000,5294965.6,5314999.9,5278204.7,5281379.3,0.5781129
1769299200000,5281379.3,5287999.9,5100951.1,5131806.4,1.358373
1769385600000,5134217.1,5255737.4,5125550.0,5232023.8,1.3326505
1769472000000,5226642.4,5277421.7,5145777.0,5255853.3,1.0683624
1769558400000,5256850.0,5320546.1,5221705.3,5248580.8,1.2342741
1769644800000,5252229.5,5252869.8,4926282.8,4996654.0,3.4277465
1769731200000,4994050.4,5002145.2,4795343.8,4965186.2,5.8714913
1769817600000,4965186.2,4968944.8,4500000.0,4647550.6,5.6904646
1769904000000,4649168.2,4686533.1,4465277.1,4540361.6,2.9236168
1769990400000,4541150.9,4674562.5,4397179.7,4637382.4,5.6662376
1770076800000,4632572.2,4667802.8,4313532.4,4461075.9,4.1721594
1770163200000,4462808.3,4524368.5,4240000.0,4309480.6,3.4799803
1770249600000,4310948.7,4317324.5,3668739.2,3691412.2,8.4487992
1770336000000,3697746.5,4200000.0,3530000.0,4136192.4,7.5975152
1770422400000,4137035.8,4200463.6,3951449.6,4066732.7,3.6573657
1770508800000,4065637.4,4243546.5,4046216.3,4133172.7,2.364775
1770595200000,4128059.3,4178318.4,4001595.0,4105285.4,2.2035353
1770681600000,4104113.5,4129999.9,3980000.0,4027763.5,2.4101825
1770768000000,4028874.7,4049499.1,3839608.4,3904275.6,4.925612
1770854400000,3907876.3,3971000.0,3783988.9,3848659.7,6.0163356
1770940800000,3849405.3,4021877.2,3828587.3,3990841.2,2.2701469
1771027200000,3988429.7,4096015.4,3981871.5,4047735.8,3.4262761
1771113600000,4045364.3,4116218.0,3942975.0,3981435.6,1.9594425
1771200000000,3981613.2,4068362.8,3902949.7,3997710.9,1.3950492
1771286400000,3997710.8,4010665.6,3860288.7,3916032.1,1.4605568
1771372800000,3913063.7,3970036.1,3831672.1,3861086.7,4.5730193
1771459200000,3860785.3,3910498.1,3821400.4,3887901.9,2.3556036
1771545600000,3890000.0,3975033.4,3867249.2,3954919.7,2.4580095
1771632000000,3957757.7,3998000.0,3925558.5,3961330.7,1.40357
1771718400000,3958365.1,3975215.7,3912876.3,3933329.7,1.3053851
1771804800000,3932571.0,3938187.9,3694939.7,3734297.5,5.5269638
1771891200000,3734378.2,3753862.4,3615000.0,3705555.9,3.8955594
1771977600000,3705612.2,4021564.0,3697404.5,3908116.8,7.4775293
1772064000000,3907721.3,3965022.5,3838093.0,3889698.7,2.4518694
1772150400000,3887045.1,3925685.6,3750000.0,3800736.8,2.3546811
1772236800000,3801686.5,3905885.4,3644743.6,3864591.2,5.061516
1772323200000,3863608.5,3936287.8,3753487.3,3794788.9,2.4318214
1772409600000,3793891.1,4075000.0,3793072.9,4001213.7,5.0386385
1772496000000,4002649.1,4034060.8,3876110.9,3992210.7,5.3743705
1772582400000,3994934.9,4320000.0,3950000.0,4246085.3,11.7780208
1772668800000,4239240.0,4297746.2,4145722.5,4163253.1,5.5598365
1772755200000,4163695.7,4202286.0,4008355.3,4026843.2,4.5959547
1772841600000,4023338.0,4049352.9,3960707.4,3976624.0,2.7917254
1772928000000,3976624.0,4035662.0,3876283.6,3899516.8,2.1940762
1773014400000,3898043.2,4125603.4,3885472.3,4040705.2,4.5702085
1773100800000,4042619.0,4220792.7,4042500.9,4115943.2,5.2399969
1773187200000,4113375.1,4219665.1,4082140.9,4152320.5,4.9100819
1773273600000,4154414.5,4205000.0,4121241.4,4188791.6,4.3170551
1773360000000,4191116.1,4406358.9,4186594.9,4234096.4,6.9960589
1773446400000,4228511.9,4262509.3,4208262.5,4259783.3,2.0238037
1773532800000,4256450.1,4361937.6,4235803.3,4339702.6,1.711546
1773619200000,4343195.6,4473612.4,4310527.8,4466209.1,7.013748
1773705600000,4464450.6,4531174.6,4380000.7,4411357.4,6.0976824
1773792000000,4413448.8,4449236.7,4213266.3,4260672.7,7.0577661
1773878400000,4256421.6,4297837.3,4141511.6,4185432.8,7.317515
1773964800000,4182510.9,4269999.7,4158742.6,4226770.9,6.0161259
1774051200000,4226770.9,4265000.0,4123499.0,4136109.4,2.2547319
1774137600000,4134037.6,4173713.2,4052440.5,4075117.2,2.9491303
1774224000000,4075117.2,4300000.0,4052906.7,4237657.1,6.1590031
1774310400000,4240000.3,4275000.0,4139393.9,4227842.0,5.9370921
1774396800000,4226870.6,4323727.3,4226016.2,4279831.1,7.1799413
1774483200000,4285058.1,4295564.1,4112488.4,4146775.4,4.6810847
1774569600000,4145000.0,4177691.0,3974437.5,4021808.3,5.7623867
1774656000000,4021197.0,4076173.5,3994672.5,4023548.7,1.1167121
1774742400000,4023548.7,4066505.9,3942907.1,3999734.9,2.1636417
1774828800000,4001816.6,4138339.1,3988727.9,4052999.5,5.3297569
1774915200000,4057236.1,4146808.6,4011598.2,4127033.9,4.3586438
1775001600000,4127163.5,4175368.0,4077989.6,4102574.2,3.1361465
1775088000000,4101936.4,4133991.8,3988043.4,4043910.0,3.6101355
1775174400000,4038623.2,4068958.5,4002927.8,4051000.0,0.902353
1775260800000,4048686.4,4090000.0,4045000.1,4076907.2,1.369298
1775347200000,4077424.2,4168346.1,4037151.9,4163075.0,1.6755609
1775433600000,4168164.4,4226329.8,4105284.1,4142541.8,5.2892311
1775520000000,4140475.5,4367340.2,4090000.0,4314034.3,5.5452303
1775606400000,4314034.3,4329905.3,4217982.3,4236559.5,5.1011425
1775692800000,4233386.1,4362899.7,4200000.0,4283293.9,3.728897
1775779200000,4282343.4,4397145.9,4276383.5,4369673.6,5.9752509
1775865600000,4366535.8,4419999.9,4353071.2,4379667.0,7.7538039
1775952000000,4379667.0,4394249.7,4230000.0,4243620.3,5.4659776
1776038400000,4239878.2,4508273.0,4235298.5,4478044.1,7.5154331
1776124800000,4480563.3,4550393.5,4420996.1,4447159.2,6.7451433
1776211200000,4444234.9,4520663.3,4425000.0,4489383.7,7.8092611
1776297600000,4489764.4,4529742.3,4409000.0,4506846.6,8.2106829
1776384000000,4501317.4,4669999.5,4475034.5,4610788.0,10.6994794
1776470400000,4601906.8,4630000.0,4508744.6,4522283.5,9.4494739
1776556800000,4524708.5,4559999.9,4414220.8,4417135.8,5.3975301
1776643200000,4417135.8,4598054.7,4412000.0,4554532.2,7.1555039
1776729600000,4553873.7,4618665.9,4490000.1,4578205.0,6.2259325
1776816000000,4583100.7,4783276.2,4563525.8,4711999.9,8.0097838
1776902400000,4712000.0,4756012.5,4667000.0,4738122.9,4.2066358
1776988800000,4734042.5,4775000.0,4691100.1,4704206.4,4.637843
1777075200000,4704434.2,4738567.9,4691100.0,4691100.0,2.9523686
1777161600000,4691100.0,4799999.7,4685000.0,4783666.8,5.6746026
1777248000000,4785030.3,4830000.0,4653784.8,4707809.5,8.6413066
1777334400000,4703266.0,4719541.2,4633024.7,4669793.2,5.5359012
1777420800000,4668627.0,4798999.9,4628995.6,4675525.6,10.08666364877
1777507200000,4675525.6,4719999.9,4640000.0,4689446.9,3.6793045
1777593600000,4687065.1,4839999.9,4685853.6,4795914.3,7.90647051761
1777680000000,4797000.0,4850934.1,4780294.3,4830722.6,3.7073591
1777766400000,4825888.2,4877026.7,4786830.1,4816704.3,3.7623909
1777852800000,4814300.0,4970500.0,4800939.2,4926961.0,6.4777643
1777939200000,4924501.5,5023327.6,4919524.1,4984267.7,5.6130182
1778025600000,4984172.9,5023999.9,4926901.0,4951360.0,6.590223
1778112000000,4951360.0,4960611.9,4815000.0,4854032.3,6.242171
1778198400000,4857220.9,4878867.7,4790500.4,4854052.2,4.0599395
1778284800000,4854163.2,4913576.1,4845311.3,4894704.2,2.544309
1778371200000,4896195.9,4995000.0,4885001.0,4977690.0,7.6365926
1778457600000,4977690.0,5019589.2,4906182.4,4995701.5,5.1849691
1778544000000,4996999.9,5011512.7,4925994.1,4956343.7,5.6313356
1778630400000,4957097.7,5000925.3,4835896.6,4875300.2,8.6350129
1778716800000,4878100.5,5051990.0,4860000.0,4995023.2,8.1106934
1778803200000,4992815.7,5037999.7,4856000.0,4878139.0,6.977120869484176
1778889600000,4876075.6,4887891.3,4800000.0,4825579.7,5.1377118
1778976000000,4825579.7,4855402.2,4745759.9,4783349.9,4.2445721225
1779062400000,4783656.9,4799999.9,4692244.1,4754541.1,5.0619741
1779148800000,4756064.7,4783178.4,4708878.7,4750388.6,5.2645699
1779235200000,4750195.7,4798697.4,4725000.0,4775033.6,3.068989
1779321600000,4778024.3,4824201.5,4740751.8,4786465.0,3.7662948
1779408000000,4782617.4,4811403.8,4656899.2,4667900.7,3.89204061545
1779494400000,4666289.6,4769000.0,4590000.1,4737547.4,4.7130213
1779580800000,4732489.1,4780609.3,4700073.6,4753144.8,1.8804177
1779667200000,4758462.6,4790000.0,4727599.8,4753009.1,3.419544
1779753600000,4755595.5,4810000.0,4670000.0,4688223.9,4.9708667
1779840000000,4683174.1,4699495.8,4576694.3,4587577.4,4.2802502
1779926400000,4584631.6,4603347.9,4465982.5,4536463.8,5.814669
1780012800000,4537612.4,4578826.6,4470513.5,4524130.5,3.1974709
1780099200000,4526359.3,4565695.4,4513025.1,4552587.8,2.6286329
1780185600000,4556425.3,4579999.9,4527000.0,4546362.1,2.9834203
1780272000000,4545392.2,4568144.9,4370000.0,4405646.8,5.6098335
1780358400000,4402686.5,4420066.5,4080740.5,4118415.2,7.161757
1780444800000,4114829.3,4168389.2,3950000.6,3959499.8,6.0618072
1780531200000,3959499.7,3990797.9,3790000.2,3930207.3,5.7268229
1780617600000,3931682.1,3941331.7,3660381.4,3770401.2,8.6909197
1780704000000,3780591.3,3803129.0,3677035.4,3766527.4,3.0103249
1780790400000,3764937.9,3963849.5,3757300.0,3901833.1,3.63275743
1780876800000,3903464.9,3965766.9,3852011.6,3895059.5,3.5342757
1780963200000,3893703.3,3921763.8,3737801.1,3797789.8,4.6079521799
1781049600000,3799634.4,3853612.3,3729025.0,3783970.0,2.9703897
1781136000000,3780462.3,3920000.0,3779160.6,3895202.3,3.0121617
1781222400000,3893500.4,3933570.1,3822923.5,3879628.9,4.83984603178
1781308800000,3876041.9,3948662.5,3870505.2,3933550.2,2.47552800785
1781395200000,3935682.8,4020563.3,3890669.5,4017518.5,3.0890681
1781481600000,4020563.3,4066999.9,3950000.0,4010458.6,5.05902954551
1781568000000,4009414.9,4037455.5,3945737.9,3959817.2,2.9946044
1781654400000,3962409.0,4019999.9,3879629.0,3908517.3,4.7097444
1781740800000,3905555.7,3933087.2,3780000.0,3818293.4,5.3042774
1781827200000,3820434.1,3861076.5,3780631.8,3856575.4,2.8420325
1781913600000,3856507.5,3917453.9,3840100.1,3911141.7,1.893612
1782000000000,3906361.7,3925573.2,3842188.7,3852017.8,2.3430506
1782086400000,3851692.1,4010099.9,3851411.2,3910928.8,5.0035324
1782172800000,3914760.4,3943380.2,3800000.0,3848213.7,5.1846828
1782259200000,3843586.9,3888656.9,3627360.0,3748257.4,9.6709454
1782345600000,3749252.3,3800000.5,3598664.0,3661156.0,6.6145153
1782432000000,3662624.0,3726895.6,3573543.1,3679840.7,5.9798596
1782518400000,3680679.1,3733511.2,3665000.2,3682443.9,2.1534691
1782604800000,3685445.0,3716968.2,3621053.6,3663272.8,2.1811252
1782691200000,3660000.0,3720202.3,3610813.5,3680609.6,6.2016545
1782777600000,3683580.1,3691001.6,3575000.0,3595842.3,7.1914403
1782864000000,3595987.4,3770248.2,3567000.0,3691450.1,8.0726891
1782950400000,3692834.3,3821380.3,3664000.1,3782374.7,4.8468979
1783036800000,3784033.1,3862616.0,3760000.0,3846036.2,3.567032
1783123200000,3843935.3,3903130.1,3828788.6,3888130.2,3.2684259
1783209600000,3884998.5,3939999.7,3844583.2,3912464.9,4.1261796
1783296000000,3915794.6,3972295.8,3777806.9,3939041.2,6.7562575
1783382400000,3940919.5,3954606.5,3850000.1,3892947.7,3.9821963736
1783468800000,3897467.1,3926975.6,3790250.9,3832137.3,7.0928849
1783555200000,3829772.0,3907450.1,3798000.0,3887136.0,5.7706759
1783641600000,3888320.4,3975000.0,3868374.0,3940887.8,6.4305764
1783728000000,3945363.6,3964000.0,3924883.5,3928850.2,3.7201881083
1783814400000,3926422.7,3952000.0,3915000.0,3924638.6,2.6210283
1783900800000,3919688.7,3954892.1,3800840.8,3834809.6,6.853078
1783987200000,3831849.2,4007837.5,3827728.2,3999523.1,8.44662194375
1784073600000,3997831.2,4042506.0,3964215.4,3995000.0,3.3665481
1784160000000,3991082.6,4003851.3,3918398.2,3934123.6,3.5364017
1784246400000,3932508.6,3958862.0,3854000.0,3935536.6,4.4414741
1784332800000,3935548.2,3993751.2,3928004.7,3989868.8,2.5985142
1784419200000,3988005.2,3999999.9,3960000.1,3981034.4,1.72424381855
1784505600000,3981241.3,4052656.4,3930000.0,4021518.8,7.366582
1784592000000,4017106.7,4133846.1,4012231.1,4107920.2,7.2386577164
1784678400000,4104271.4,4119999.9,4041593.5,4074966.5,3.9781164
1784764800000,4074966.5,4090836.6,3994500.2,4018851.0,4.8716829
1784851200000,4016175.9,4063264.6,3936973.5,3966321.5,6.876758
1784937600000,3965937.7,3983778.4,3941000.0,3972170.2,2.3128502
1785024000000,3976558.6,4049999.9,3967700.1,4036643.2,2.9795418
1785110400000,4035700.3,4049000.0,3926450.4,3935163.4,5.7139266
1785196800000,3937344.3,3937611.0,3868211.6,3925480.2,4.7678351
1785283200000,3926566.8,3969999.9,3888000.0,3919469.5,6.5781433
1785369600000,3922884.0,4003253.2,3902659.8,3970000.1,3.5991566
1785456000000,3973296.4,4014481.5,3820002.0,3851938.1,5.7938607
1785542400000,3851938.1,3868097.7,3849765.0,3858818.2,2.0685908
